version,pair_id,original_path,manipulated_path,original_analysis_width,original_analysis_height,manipulated_analysis_width,manipulated_analysis_height,original_peak_percent,manipulated_peak_percent,original_area_above_threshold_percent,manipulated_area_above_threshold_percent,threshold_percent,elapsed_seconds,original_url,photoshop_url
v1.0.3,pair001,/home/panuwat/Pictures/Test-Cases/pairs/originals/pair001_orig.jpg,/home/panuwat/Pictures/Test-Cases/pairs/manipulated/pair001_mani.jpg,660,959,1024,711,12.264875,93.704033,0.0,1.637356,40.0,3.275,http://i.imgur.com/8wiNAxu.jpg,http://i.imgur.com/mpx9j1w.jpg
v1.0.3,pair002,/home/panuwat/Pictures/Test-Cases/pairs/originals/pair002_orig.jpg,/home/panuwat/Pictures/Test-Cases/pairs/manipulated/pair002_mani.png,1024,768,1024,640,61.379611,91.248763,0.248337,4.485474,40.0,3.242,http://i.imgur.com/Byzc3TG.jpg,http://i.imgur.com/GI3y6tk.png
v1.0.3,pair003,/home/panuwat/Pictures/Test-Cases/pairs/originals/pair003_orig.jpg,/home/panuwat/Pictures/Test-Cases/pairs/manipulated/pair003_mani.jpg,1024,683,1024,682,62.371957,62.086153,0.165572,0.082048,40.0,3.587,https://i.redd.it/7ec85cu1dfvx.jpg,https://i.imgur.com/wJEfDxOr.jpg
v1.0.3,pair004,/home/panuwat/Pictures/Test-Cases/pairs/originals/pair004_orig.jpg,/home/panuwat/Pictures/Test-Cases/pairs/manipulated/pair004_mani.jpg,1024,683,1024,683,50.534296,48.651704,0.002145,0.001716,40.0,3.593,http://i.imgur.com/1vU9Nuf.jpg,http://i.imgur.com/N2fuJMC.jpg
v1.0.3,pair005,/home/panuwat/Pictures/Test-Cases/pairs/originals/pair005_orig.jpg,/home/panuwat/Pictures/Test-Cases/pairs/manipulated/pair005_mani.jpg,681,1024,612,578,30.777332,87.090445,0.0,2.268358,40.0,2.591,https://i.redd.it/6x6w7zqiyjaz.jpg,https://i.imgur.com/AwoUNE2.jpg
v1.0.3,pair006,/home/panuwat/Pictures/Test-Cases/pairs/originals/pair006_orig.jpg,/home/panuwat/Pictures/Test-Cases/pairs/manipulated/pair006_mani.png,1024,682,1024,682,48.905957,33.425659,0.02377,0.0,40.0,3.248,http://i.imgur.com/4N84uSR.jpg,http://i.imgur.com/M0d6g3N.png
v1.0.3,pair007,/home/panuwat/Pictures/Test-Cases/pairs/originals/pair007_orig.jpg,/home/panuwat/Pictures/Test-Cases/pairs/manipulated/pair007_mani.jpg,577,1024,704,400,69.480467,19.902912,0.855042,0.0,40.0,2.267,http://i.imgur.com/EttdyxC.jpg,http://i.imgur.com/1uz61xm.jpeg
v1.0.3,pair008,/home/panuwat/Pictures/Test-Cases/pairs/originals/pair008_orig.jpg,/home/panuwat/Pictures/Test-Cases/pairs/manipulated/pair008_mani.jpg,833,1024,1024,576,33.024088,85.725796,0.0,5.927192,40.0,3.244,http://i.imgur.com/PmHTfHu.jpg,http://i.imgur.com/JxIeYsO.jpg
v1.0.3,pair009,/home/panuwat/Pictures/Test-Cases/pairs/originals/pair009_orig.jpg,/home/panuwat/Pictures/Test-Cases/pairs/manipulated/pair009_mani.jpg,500,750,1024,692,89.472175,87.384731,0.887733,0.477838,40.0,2.808,https://i.redd.it/dzfgj35qm0ty.jpg,http://i.imgur.com/YNqj8po.jpg
v1.0.3,pair010,/home/panuwat/Pictures/Test-Cases/pairs/originals/pair010_orig.jpg,/home/panuwat/Pictures/Test-Cases/pairs/manipulated/pair010_mani.jpg,1024,768,1024,768,42.292464,99.096829,0.000509,6.406657,40.0,3.18,http://i.imgur.com/8yuMUEt.jpg,http://i.imgur.com/aQSmcLS.jpg
v1.0.3,pair011,/home/panuwat/Pictures/Test-Cases/pairs/originals/pair011_orig.jpg,/home/panuwat/Pictures/Test-Cases/pairs/manipulated/pair011_mani.jpg,640,480,478,364,24.508525,4.642326,0.0,0.0,40.0,1.454,http://sambot.com/images/postimages/asylum/lg/dark-hall-in.jpg,http://i.imgur.com/OYqDB.jpg
v1.0.3,pair012,/home/panuwat/Pictures/Test-Cases/pairs/originals/pair012_orig.jpg,/home/panuwat/Pictures/Test-Cases/pairs/manipulated/pair012_mani.jpg,483,604,483,604,13.742639,14.990239,0.0,0.0,40.0,2.195,http://i.imgur.com/7aQPl.jpg,http://i.imgur.com/9tdG6.jpg
v1.0.3,pair013,/home/panuwat/Pictures/Test-Cases/pairs/originals/pair013_orig.jpg,/home/panuwat/Pictures/Test-Cases/pairs/manipulated/pair013_mani.jpg,541,853,520,806,31.416893,11.660147,0.0,0.0,40.0,2.217,http://i.imgur.com/u0k9XQi.jpg,http://i.imgur.com/3mHHuVz.jpg
v1.0.3,pair014,/home/panuwat/Pictures/Test-Cases/pairs/originals/pair014_orig.jpg,/home/panuwat/Pictures/Test-Cases/pairs/manipulated/pair014_mani.jpg,1024,704,1024,704,15.678219,94.397247,0.0,1.764193,40.0,3.627,http://i.imgur.com/U1EJkOQ.jpg,http://i.imgur.com/Zhj10Ek.jpg
v1.0.3,pair015,/home/panuwat/Pictures/Test-Cases/pairs/originals/pair015_orig.jpg,/home/panuwat/Pictures/Test-Cases/pairs/manipulated/pair015_mani.jpg,1024,768,1024,768,20.426738,21.183072,0.0,0.0,40.0,3.48,http://i.imgur.com/qghwIHf.jpg,http://i.imgur.com/w0RMiut.jpg
v1.0.3,pair016,/home/panuwat/Pictures/Test-Cases/pairs/originals/pair016_orig.jpg,/home/panuwat/Pictures/Test-Cases/pairs/manipulated/pair016_mani.jpg,1024,736,1024,522,57.511818,92.218292,0.296286,1.717216,40.0,3.365,http://i.imgur.com/NIwMqQT.jpg,http://i.imgur.com/bDZPY2N.jpg
v1.0.3,pair017,/home/panuwat/Pictures/Test-Cases/pairs/originals/pair017_orig.jpg,/home/panuwat/Pictures/Test-Cases/pairs/manipulated/pair017_mani.png,1024,683,1024,577,35.405329,87.572253,0.0,1.073034,40.0,3.168,http://i.imgur.com/jOuA7wI.jpg,http://i.imgur.com/dpzPJm3.png
v1.0.3,pair018,/home/panuwat/Pictures/Test-Cases/pairs/originals/pair018_orig.jpg,/home/panuwat/Pictures/Test-Cases/pairs/manipulated/pair018_mani.png,772,536,796,419,17.952271,99.564612,0.0,16.402718,40.0,1.651,http://i.imgur.com/n0ln6.jpg,http://i.imgur.com/aZixr.png
v1.0.3,pair019,/home/panuwat/Pictures/Test-Cases/pairs/originals/pair019_orig.jpg,/home/panuwat/Pictures/Test-Cases/pairs/manipulated/pair019_mani.jpg,400,600,1024,464,18.687418,48.615953,0.0,0.028413,40.0,2.137,http://i.imgur.com/IK7zUe1.jpg,http://i.imgur.com/lgH7LHj.jpg
v1.0.3,pair020,/home/panuwat/Pictures/Test-Cases/pairs/originals/pair020_orig.jpg,/home/panuwat/Pictures/Test-Cases/pairs/manipulated/pair020_mani.jpg,768,1024,1024,1024,63.894415,76.959115,0.22227,0.20647,40.0,3.97,https://i.imgur.com/sEqzj00.jpg,http://i.imgur.com/faxZ96q.jpg
v1.0.3,pair021,/home/panuwat/Pictures/Test-Cases/pairs/originals/pair021_orig.jpg,/home/panuwat/Pictures/Test-Cases/pairs/manipulated/pair021_mani.jpg,640,635,640,635,27.53031,26.954588,0.0,0.0,40.0,2.188,http://i.imgur.com/NncEftF.jpg,http://i.imgur.com/1ZRDS6w.jpg
v1.0.3,pair022,/home/panuwat/Pictures/Test-Cases/pairs/originals/pair022_orig.jpg,/home/panuwat/Pictures/Test-Cases/pairs/manipulated/pair022_mani.jpg,768,1024,768,1024,49.010232,22.188689,0.021489,0.0,40.0,3.165,http://i.imgur.com/USLOKqX.jpg,https://i.imgur.com/1nJORYj.jpg
v1.0.3,pair023,/home/panuwat/Pictures/Test-Cases/pairs/originals/pair023_orig.jpg,/home/panuwat/Pictures/Test-Cases/pairs/manipulated/pair023_mani.jpg,524,699,524,699,22.068986,27.941981,0.0,0.0,40.0,2.062,http://i.imgur.com/jXJUd9C.jpg,http://i.imgur.com/iiiAHkP.jpg
v1.0.3,pair024,/home/panuwat/Pictures/Test-Cases/pairs/originals/pair024_orig.jpg,/home/panuwat/Pictures/Test-Cases/pairs/manipulated/pair024_mani.jpg,680,1024,680,1024,28.250536,43.745416,0.0,0.009335,40.0,3.459,http://i.imgur.com/zuhHCQV.jpg,http://i.imgur.com/POrUC2T.jpg
v1.0.3,pair025,/home/panuwat/Pictures/Test-Cases/pairs/originals/pair025_orig.jpg,/home/panuwat/Pictures/Test-Cases/pairs/manipulated/pair025_mani.png,634,405,634,405,17.608771,21.324164,0.0,0.0,40.0,1.299,http://i.imgur.com/9eYgkWQ.jpg,http://i.imgur.com/K9AhogS.png
v1.0.3,pair026,/home/panuwat/Pictures/Test-Cases/pairs/originals/pair026_orig.jpg,/home/panuwat/Pictures/Test-Cases/pairs/manipulated/pair026_mani.jpg,500,745,918,1024,8.925997,69.437563,0.0,0.302543,40.0,3.495,http://i.imgur.com/ZSyOfrX.jpg,http://i.imgur.com/l8qGeMz.jpg
v1.0.3,pair027,/home/panuwat/Pictures/Test-Cases/pairs/originals/pair027_orig.jpg,/home/panuwat/Pictures/Test-Cases/pairs/manipulated/pair027_mani.png,768,1024,681,408,75.319904,10.391273,1.357269,0.0,40.0,2.34,https://i.redd.it/hr8m3cyt6fbx.jpg,http://i.imgur.com/eI89gS2.png
v1.0.3,pair028,/home/panuwat/Pictures/Test-Cases/pairs/originals/pair028_orig.jpg,/home/panuwat/Pictures/Test-Cases/pairs/manipulated/pair028_mani.jpg,1024,686,1024,768,23.207481,38.488334,0.0,0.0,40.0,3.257,http://i.imgur.com/gMhIty9.jpg,http://i.imgur.com/xjZqdTV.jpg
v1.0.3,pair029,/home/panuwat/Pictures/Test-Cases/pairs/originals/pair029_orig.jpg,/home/panuwat/Pictures/Test-Cases/pairs/manipulated/pair029_mani.png,538,1024,1024,432,34.667444,80.158734,0.0,0.19486,40.0,2.403,http://i.imgur.com/IznwAcx.jpg,http://i.imgur.com/JMIIEw9.png
v1.0.3,pair030,/home/panuwat/Pictures/Test-Cases/pairs/originals/pair030_orig.jpg,/home/panuwat/Pictures/Test-Cases/pairs/manipulated/pair030_mani.png,960,720,960,720,20.481049,17.179972,0.0,0.0,40.0,3.148,http://i.imgur.com/1F6Zmog.jpg,http://i.imgur.com/uJGY5We.png
